Lipid Class,Headgroup,,,,,,,,,,,,,,,,,,,,,,,,,,,,,,,,,,,,,,,,,,,,,,,,
ACer,Acer,Cer-EODS,Cer-EOS,ACer,ACer d,,,,,,,,,,,,,,,,,,,,,,,,,,,,,,,,,,,,,,,,,,,,
BMP,BMP,LBPA,HBMP,,,,,,,,,,,,,,,,,,,,,,,,,,,,,,,,,,,,,,,,,,,,,,
CAR,Car,ACar,CAR,,,,,,,,,,,,,,,,,,,,,,,,,,,,,,,,,,,,,,,,,,,,,,
CDP-DG,CDP-DG,,,,,,,,,,,,,,,,,,,,,,,,,,,,,,,,,,,,,,,,,,,,,,,,
CE,CE,,,,,,,,,,,,,,,,,,,,,,,,,,,,,,,,,,,,,,,,,,,,,,,,
Cer,Cer,Cer-ADS,Cer-AP,Cer-NDS,Cer-NP,Cer-BS,Cer-NS,Cer-AS,Cer-BDS,Cer d,Cer t,,,,,,,,,,,,,,,,,,,,,,,,,,,,,,,,,,,,,,
CerP,CerP,,,,,,,,,,,,,,,,,,,,,,,,,,,,,,,,,,,,,,,,,,,,,,,,
CL,CL,MLCL,DLCL,,,,,,,,,,,,,,,,,,,,,,,,,,,,,,,,,,,,,,,,,,,,,,
CoA,CoA,,,,,,,,,,,,,,,,,,,,,,,,,,,,,,,,,,,,,,,,,,,,,,,,
DG,DG,DG d,,,,,,,,,,,,,,,,,,,,,,,,,,,,,,,,,,,,,,,,,,,,,,,
DGCC,DGCC,LDGCC,,,,,,,,,,,,,,,,,,,,,,,,,,,,,,,,,,,,,,,,,,,,,,,
DGDG,DGDG,,,,,,,,,,,,,,,,,,,,,,,,,,,,,,,,,,,,,,,,,,,,,,,,
DGMG,DGMG,,,,,,,,,,,,,,,,,,,,,,,,,,,,,,,,,,,,,,,,,,,,,,,,
DGTA,DGTA,LDGTA,,,,,,,,,,,,,,,,,,,,,,,,,,,,,,,,,,,,,,,,,,,,,,,
DGTS,DGTS,LDGTS,,,,,,,,,,,,,,,,,,,,,,,,,,,,,,,,,,,,,,,,,,,,,,,
FA,FA,FA d,AMP,SFE,,,,,,,,,,,,,,,,,,,,,,,,,,,,,,,,,,,,,,,,,,,,,
FAG,FAG,,,,,,,,,,,,,,,,,,,,,,,,,,,,,,,,,,,,,,,,,,,,,,,,
FAHFA,FAHFA,FA-Est,,,,,,,,,,,,,,,,,,,,,,,,,,,,,,,,,,,,,,,,,,,,,,,
FAL,FAL,,,,,,,,,,,,,,,,,,,,,,,,,,,,,,,,,,,,,,,,,,,,,,,,
FOH,FOH,,,,,,,,,,,,,,,,,,,,,,,,,,,,,,,,,,,,,,,,,,,,,,,,
GlcADG,GlcADG,à-GlcADAG,AcylGclADG,ADGGA,DGGA,,,,,,,,,,,,,,,,,,,,,,,,,,,,,,,,,,,,,,,,,,,,
GlcCer,GlcCer,GlcA?-Cer,,,,,,,,,,,,,,,,,,,,,,,,,,,,,,,,,,,,,,,,,,,,,,,
Glc-GP,Glc-GP,,,,,,,,,,,,,,,,,,,,,,,,,,,,,,,,,,,,,,,,,,,,,,,,
GP,GP,PMeOH,PEtOH,PT,CDP-DG,SLBPA,,,,,,,,,,,,,,,,,,,,,,,,,,,,,,,,,,,,,,,,,,,
GP,PMeOH,PEtOH,,,,,,,,,,,,,,,,,,,,,,,,,,,,,,,,,,,,,,,,,,,,,,,
HC,HC,,,,,,,,,,,,,,,,,,,,,,,,,,,,,,,,,,,,,,,,,,,,,,,,
HexCer,HexCer,Hex(2)Cer,Hex(3)Cer,Hex(4)Cer,Hex(5)Cer,Hex(6)Cer,Hex(7)Cer,Hex(8)Cer,Hex(9)Cer,Hex(10)Cer,Hex(11)Cer,Hex(12)Cer,Hex(13)Cer,Hex(14)Cer,Hex(15)Cer,Hex(20)Cer,HexCer t,HexCer d,GM3,Glc-Cer,GlcCer,GalCer,Gal-Cer,Hex2Cer,Hex3Cer,Hex4Cer,Hex5Cer,Hex6Cer,Hex7Cer,Hex8Cer,Hex9Cer,Hex10Cer,Hex11Cer,Hex12Cer,Hex13Cer,Hex14Cer,Hex15Cer,Hex20Cer,AHexCer,Hex(,Hex(2)-HexNAc-Cer,Hex(2)-NeuAc-Cer,Hex(3)-HexNAc-Fuc(2)-Cer,Hex(4)-HexNAc(3)-Cer,Hex(4)-HexNAc-Fuc-Cer,Hex(5)-HexNAc-NeuAc(2)-Cer,Hex(6)-HexNAc(3)-Fuc-NeuAc-Cer,Hex(6)-HexNAc-Cer,Hex(8)-HexNAc-Cer
HexSPB,HexSPB,SPB-Glc,FMC-5,FMC-6,,,,,,,,,,,,,,,,,,,,,,,,,,,,,,,,,,,,,,,,,,,,,
LPA,LPA,,,,,,,,,,,,,,,,,,,,,,,,,,,,,,,,,,,,,,,,,,,,,,,,
LPC,LPC,LPC d,,,,,,,,,,,,,,,,,,,,,,,,,,,,,,,,,,,,,,,,,,,,,,,
LPE,LPE,LPE d,Am-Hex-LPE,,,,,,,,,,,,,,,,,,,,,,,,,,,,,,,,,,,,,,,,,,,,,,
LPG,LPG,,,,,,,,,,,,,,,,,,,,,,,,,,,,,,,,,,,,,,,,,,,,,,,,
LPI,LPI,,,,,,,,,,,,,,,,,,,,,,,,,,,,,,,,,,,,,,,,,,,,,,,,
LPS,LPS,,,,,,,,,,,,,,,,,,,,,,,,,,,,,,,,,,,,,,,,,,,,,,,,
LSM,LSM,,,,,,,,,,,,,,,,,,,,,,,,,,,,,,,,,,,,,,,,,,,,,,,,
M(IP)2C,M(IP)2C,,,,,,,,,,,,,,,,,,,,,,,,,,,,,,,,,,,,,,,,,,,,,,,,
MG,MG,MG d,,,,,,,,,,,,,,,,,,,,,,,,,,,,,,,,,,,,,,,,,,,,,,,
MGDG,MGDG,,,,,,,,,,,,,,,,,,,,,,,,,,,,,,,,,,,,,,,,,,,,,,,,
MGMG,MGMG,,,,,,,,,,,,,,,,,,,,,,,,,,,,,,,,,,,,,,,,,,,,,,,,
MIPC,MIPC,IPC,M(IP)2C,,,,,,,,,,,,,,,,,,,,,,,,,,,,,,,,,,,,,,,,,,,,,,
NA,NA,NAGly,NAGlySer,NAOrn,NALys,NAVal,NAAla,NAArg,NAASN,NAGln,NAGlu,NAHis,NAIle,NALeu,NAMet,NAPhe,NAPro,NASer,NAThr,NATrp,NATyr,NAVal,,,,,,,,,,,,,,,,,,,,,,,,,,,
NAE,NAE,,,,,,,,,,,,,,,,,,,,,,,,,,,,,,,,,,,,,,,,,,,,,,,,
NAT,NAT,,,,,,,,,,,,,,,,,,,,,,,,,,,,,,,,,,,,,,,,,,,,,,,,
Other,Other,,,,,,,,,,,,,,,,,,,,,,,,,,,,,,,,,,,,,,,,,,,,,,,,
Other,*anything that is not listed as a headgroup,,,,,,,,,,,,,,,,,,,,,,,,,,,,,,,,,,,,,,,,,,,,,,,,
PA,PA,PA d,PPA,,,,,,,,,,,,,,,,,,,,,,,,,,,,,,,,,,,,,,,,,,,,,,
PC,PC,PC d,PnC,,,,,,,,,,,,,,,,,,,,,,,,,,,,,,,,,,,,,,,,,,,,,,
PE,PE,PE d,NAPE,LNAPE,PE-isoK,PE-Nme,PE-NMe2,PnE,Am-Hex-PE,PE-N[FA],,,,,,,,,,,,,,,,,,,,,,,,,,,,,,,,,,,,,,,
PE-Cer,PE-Cer,EPC,,,,,,,,,,,,,,,,,,,,,,,,,,,,,,,,,,,,,,,,,,,,,,,
PG,PG,PG d,PGS,PGP,,,,,,,,,,,,,,,,,,,,,,,,,,,,,,,,,,,,,,,,,,,,,
GP,PGP,PGP-Me,PEth,,,,,,,,,,,,,,,,,,,,,,,,,,,,,,,,,,,,,,,,,,,,,,
GP,PGS,,,,,,,,,,,,,,,,,,,,,,,,,,,,,,,,,,,,,,,,,,,,,,,,
PI,PI,PI d,,,,,,,,,,,,,,,,,,,,,,,,,,,,,,,,,,,,,,,,,,,,,,,
PI-Cer,PI-Cer,,,,,,,,,,,,,,,,,,,,,,,,,,,,,,,,,,,,,,,,,,,,,,,,
PIM,PIM,PIM1,PIM2,PIM3,PIM4,PIM5,PIM6,LPIM,LPIM1,LPIM2,LPIM3,LPIM4,LPIM5,LPIM6,,,,,,,,,,,,,,,,,,,,,,,,,,,,,,,,,,,
PIP,PIP,PIP1,PIP2,PIP3,,,,,,,,,,,,,,,,,,,,,,,,,,,,,,,,,,,,,,,,,,,,,
PK,PK,,,,,,,,,,,,,,,,,,,,,,,,,,,,,,,,,,,,,,,,,,,,,,,,
PnC,PnC,,,,,,,,,,,,,,,,,,,,,,,,,,,,,,,,,,,,,,,,,,,,,,,,
PnE,PnE,,,,,,,,,,,,,,,,,,,,,,,,,,,,,,,,,,,,,,,,,,,,,,,,
PPA,PPA,,,,,,,,,,,,,,,,,,,,,,,,,,,,,,,,,,,,,,,,,,,,,,,,
PR,PR,VAE,CoQ,,,,,,,,,,,,,,,,,,,,,,,,,,,,,,,,,,,,,,,,,,,,,,
PS,PS,PS d,NAPS,LNAPS,PS-Nac,,,,,,,,,,,,,,,,,,,,,,,,,,,,,,,,,,,,,,,,,,,,
SCer,SCer,SulfateCer,,,,,,,,,,,,,,,,,,,,,,,,,,,,,,,,,,,,,,,,,,,,,,,
SHexCer,SHexCer,(3'-sulfo)Gal?-Cer,,,,,,,,,,,,,,,,,,,,,,,,,,,,,,,,,,,,,,,,,,,,,,,
SL,SL,UDP,DAT,AC2SGL,PAT16,PAT18,LipidA,,,,,,,,,,,,,,,,,,,,,,,,,,,,,,,,,,,,,,,,,,
SM,SM,SM d,,,,,,,,,,,,,,,,,,,,,,,,,,,,,,,,,,,,,,,,,,,,,,,
SPB,SPB,,,,,,,,,,,,,,,,,,,,,,,,,,,,,,,,,,,,,,,,,,,,,,,,
SPBP,SPBP,,,,,,,,,,,,,,,,,,,,,,,,,,,,,,,,,,,,,,,,,,,,,,,,
SQDG,SQDG,SMGDG,,,,,,,,,,,,,,,,,,,,,,,,,,,,,,,,,,,,,,,,,,,,,,,
SQMG,SQMG,,,,,,,,,,,,,,,,,,,,,,,,,,,,,,,,,,,,,,,,,,,,,,,,
ST,ST,cholesterol-d5,cholesterol-d3,ST d,FC,BA,SE,SG,ASG,,,,,,,,,,,,,,,,,,,,,,,,,,,,,,,,,,,,,,,,
SulfateHexSPB,SulfateHexSPB,,,,,,,,,,,,,,,,,,,,,,,,,,,,,,,,,,,,,,,,,,,,,,,,
TG,TG,TG d,,,,,,,,,,,,,,,,,,,,,,,,,,,,,,,,,,,,,,,,,,,,,,,
WE,WE,WD,,,,,,,,,,,,,,,,,,,,,,,,,,,,,,,,,,,,,,,,,,,,,,,
