,Positive,,,,,Negative,,,,,,
Lipid Class,P0,P1,P2,P3,P4,N0,N1,N2,N3,N4,Sensitivity Pos,Sensitivity Neg
ACer,[M+H]+,[M+H-H2O]+,[M-H2O+H]+,NA,NA,[M+formate]-,[M-H]-,NA,NA,NA,0.421530955,0.813466377
BMP,[M+NH4]+,[M+H]+,NA,NA,NA,[M-H]-,NA,NA,NA,NA,0.577667883,0.772520627
Car,[M+H]+,NA,NA,NA,NA,[M+formate]-,NA,NA,NA,NA,0.512069751,0.914269894
CDP-DG,[M+NH4]+,NA,NA,NA,NA,[M-H]-,[M+formate]-,[M-2H]2-,NA,NA,0.603086438,0.603537125
CE,[M+NH4]+,NA,NA,NA,NA,[M-H]-,[M+formate]-,NA,NA,NA,0.611714344,0.969955418
Cer,[M+H]+,[M+H-H2O]+,[M-H2O+H]+,NA,NA,[M+formate]-,[M-H]-,NA,NA,NA,0.326195311,0.813052951
CerP,[M+H]+,[M+NH4]+,NA,NA,NA,[M+formate]-,[M-H]-,NA,NA,NA,0.061813372,0.778436163
CL,[M+NH4]+,[M+H]+,NA,NA,NA,[M-H]-,[M-2H]2-,NA,NA,NA,0.716151838,0.68492216
CoA,[M+H]+,[M+NH4]+,NA,NA,NA,[M-H]-,[M-2H]2-,NA,NA,NA,0.10822135,0.371225639
DG,[M+NH4]+,NA,NA,NA,NA,[M+formate]-,NA,NA,NA,NA,0.658042981,0.894061845
DGCC,[M+NH4]+,NA,NA,NA,NA,[M+formate]-,NA,NA,NA,NA,0.780202716,0.889613065
DGDG,[M+NH4]+,NA,NA,NA,NA,[M+formate]-,[M-2H]2-,NA,NA,NA,0.817096086,0.567151828
DGMG,[M+NH4]+,NA,NA,NA,NA,[M+formate]-,[M-2H]2-,NA,NA,NA,0.66560911,0.563940901
DGTA,[M+NH4]+,NA,NA,NA,NA,[M+formate]-,NA,NA,NA,NA,0.703428487,0.898776402
DGTS,[M+NH4]+,NA,NA,NA,NA,[M+formate]-,NA,NA,NA,NA,0.703428487,0.898776402
FA,[M+Na]+,[M+NH4]+,[M-H2O+H]+,[M+H-H2O]+,NA,[M-H]-,[M+formate]-,NA,NA,NA,0.328386296,0.866849634
FAG,[M+Na]+,[M+NH4]+,NA,NA,NA,[M-H]-,[M+formate]-,NA,NA,NA,0.482730519,0.678370568
FAHFA,[M+Na]+,[M+NH4]+,[M+H-H2O]+,[M-H2O+H]+,NA,[M-H]-,[M+formate]-,NA,NA,NA,0.421052579,0.909584386
FAL,[M+Na]+,[M+NH4]+,NA,NA,NA,[M-H]-,[M+formate]-,NA,NA,NA,0.53101212,0.979330741
FOH,[M+Na]+,[M+NH4]+,NA,NA,NA,[M-H]-,[M+formate]-,NA,NA,NA,0.500610051,0.936685225
Gangliosides,[M+H]+,[M+NH4]+,[M+H-H2O]+,[M-H2O+H]+,NA,[M+formate]-,[M-H]-,[M-2H]2-,NA,NA,0.53333964,0
GlcADG,[M+NH4]+,NA,NA,NA,NA,[M+formate]-,[M-H]-,[M-2H]2-,NA,NA,0.546259025,0.725858664
GlcCer,[M+H]+,[M+H-H2O]+,[M-H2O+H]+,NA,NA,[M+formate]-,[M-H]-,NA,NA,NA,0.388298482,0.663263761
Glc-GP,[M+H]+,[M+NH4]+,NA,NA,NA,[M+formate]-,[M-H]-,[M-2H]2-,NA,NA,0.610879197,0.661829051
GP,[M+NH4]+,NA,NA,NA,NA,[M+formate]-,[M-H]-,NA,NA,NA,0.780202716,0.889613065
HC,[M+NH4]+,NA,NA,NA,NA,[M+formate]-,NA,NA,NA,NA,0.545786759,0.992653169
HexCer,[M+H]+,[M+H-H2O]+,[M+NH4]+,[M-H2O+H]+,NA,[M+formate]-,[M-H]-,NA,NA,NA,0.387786164,0.658111241
HexSPB,[M+H]+,[M+H-H2O]+,[M-H2O+H]+,NA,NA,[M+formate]-,[M-H]-,[M-2H]2-,NA,NA,0.830377217,0.763129897
LPA,[M+NH4]+,[M+H]+,NA,NA,NA,[M-H]-,NA,NA,NA,NA,0.287351944,0.816886437
LPC,[M+H]+,NA,NA,NA,NA,[M+formate]-,NA,NA,NA,NA,0.672525675,0.869562079
LPE,[M+H]+,NA,NA,NA,NA,[M-H]-,[M+formate]-,NA,NA,NA,0.462346377,0.793102275
LPG,[M+NH4]+,[M+H]+,NA,NA,NA,[M-H]-,NA,NA,NA,NA,0.469869248,0.754716829
LPI,[M+NH4]+,[M+H]+,NA,NA,NA,[M-H]-,[M-2H]2-,NA,NA,NA,0.37563865,0.614524832
LPIM,[M+H]+,[M+NH4]+,NA,NA,NA,[M-H]-,[M+formate]-,[M-2H]2-,NA,NA,0.570419914,0.059416081
LPS,[M+H]+,NA,NA,NA,NA,[M-H]-,[M-2H]2-,NA,NA,NA,0.278901038,0.734234397
LSM,[M+H]+,NA,NA,NA,NA,[M+formate]-,[M-H]-,NA,NA,NA,0.507554514,0.842761056
LSQMG,[M+Na]+,[M+H]+,NA,NA,NA,[M-H]-,[M+formate]-,NA,NA,NA,0.53333964,1
MG,[M+Na]+,[M+H]+,[M+NH4]+,NA,NA,[M+formate]-,NA,NA,NA,NA,0.554905273,0.877194106
MGDG,[M+NH4]+,NA,NA,NA,NA,[M+formate]-,[M-H]-,[M-2H]2-,NA,NA,0.731780296,0.736779981
MGMG,[M+Na]+,[M+H]+,NA,NA,NA,[M+formate]-,[M-H]-,NA,NA,NA,0.606232093,0.719429011
MIPC,[M+H]+,[M+NH4]+,NA,NA,NA,[M-H]-,[M+formate]-,[M-2H]2-,NA,NA,0.123023044,0.24468404
NA,[M+NH4]+,NA,NA,NA,NA,[M-H]-,[M+formate]-,NA,NA,NA,0.291123507,0.874888151
NAE,[M+NH4]+,NA,NA,NA,NA,[M-H]-,[M+formate]-,NA,NA,NA,0.381901048,0.888925476
NAPE,[M+H]+,NA,NA,NA,NA,[M-H]-,NA,NA,NA,NA,0.521841834,0.810376653
NAT,[M+NH4]+,NA,NA,NA,NA,[M-H]-,[M+formate]-,NA,NA,NA,0.21193484,0.859310516
PA,[M+NH4]+,[M+H]+,NA,NA,NA,[M-H]-,NA,NA,NA,NA,0.361465017,0.829134823
PC,[M+H]+,NA,NA,NA,NA,[M+formate]-,NA,NA,NA,NA,0.777763083,0.891085006
PE,[M+H]+,NA,NA,NA,NA,[M-H]-,NA,NA,NA,NA,0.548638296,0.813738156
PE-Cer,[M+H]+,NA,NA,NA,NA,[M-H]-,NA,NA,NA,NA,0.23562996,0.745914686
PE-isoK,[M+H]+,NA,NA,NA,NA,[M-H]-,[M-2H]2-,NA,NA,NA,0.417542013,0.724946254
PE-NMe,[M+H]+,NA,NA,NA,NA,[M-H]-,NA,NA,NA,NA,0.730671426,0.844046591
PG,[M+NH4]+,[M+H]+,NA,NA,NA,[M-H]-,NA,NA,NA,NA,0.57452727,0.773303504
PGP,[M+NH4]+,[M+H]+,NA,NA,NA,[M-H]-,NA,NA,NA,NA,0.379734557,0.723545965
PGS,[M+H]+,[M+NH4]+,NA,NA,NA,[M-H]-,NA,NA,NA,NA,0.486892438,0.76335729
PI,[M+NH4]+,[M+H]+,NA,NA,NA,[M-H]-,[M-2H]2-,NA,NA,NA,0.480316256,0.633503707
PI-Cer,[M+H]+,[M+NH4]+,NA,NA,NA,[M-H]-,[M+formate]-,[M-2H]2-,NA,NA,0.148879523,0.532403474
PIM,[M+H]+,[M+NH4]+,NA,NA,NA,[M-H]-,[M+formate]-,[M-2H]2-,NA,NA,0.690110622,0.079327278
PIP,[M+NH4]+,[M+H]+,NA,NA,NA,[M-H]-,[M-2H]2-,NA,NA,NA,0,0.511248051
PK,[M+NH4]+,[M+H]+,NA,NA,NA,[M-H]-,[M+formate]-,NA,NA,NA,0.626566332,0.729228512
PnC,[M+NH4]+,NA,NA,NA,NA,[M+formate]-,NA,NA,NA,NA,0.703428487,0.898776402
PnE,[M+H]+,NA,NA,NA,NA,[M-H]-,NA,NA,NA,NA,0.475358869,0.822597744
PPA,[M+NH4]+,[M+H]+,NA,NA,NA,[M-H]-,NA,NA,NA,NA,0.242237728,0.755573914
PR,[M+NH4]+,[M+H]+,[M+Na]+,[M+H-H2O]+,[M-H2O+H]+,[M+formate]-,NA,NA,NA,NA,0.496576933,0.905110127
PS,[M+H]+,[M+Na]+,NA,NA,NA,[M-H]-,[M-2H]2-,NA,NA,NA,0.349547627,0.750616623
PS-NAc,[M+H]+,NA,NA,NA,NA,[M-H]-,[M-2H]2-,NA,NA,NA,0.322552494,0.746767977
PT,[M+H]+,[M+NH4]+,NA,NA,NA,[M-H]-,[M+formate]-,NA,NA,NA,0.352843758,0.749825732
SCer,[M+H]+,[M+NH4]+,[M+H-H2O]+,[M-H2O+H]+,NA,[M-H]-,[M+formate]-,NA,NA,NA,0.191296309,0.802782377
SHexCer,[M+H]+,[M+NH4]+,[M+H-H2O]+,[M-H2O+H]+,NA,[M-H]-,[M+formate]-,[M-2H]2-,NA,NA,0.320571086,0.631891942
SL,[M+H]+,NA,NA,NA,NA,[M+formate]-,[M-H]-,[M-2H]2-,NA,NA,1,0.658309249
SLBPA,[M+NH4]+,[M+H]+,NA,NA,NA,[M-H]-,[M-2H]2-,NA,NA,NA,0.685520163,0.79307254
SM,[M+H]+,NA,NA,NA,NA,[M+formate]-,NA,NA,NA,NA,0.477263249,0.839703301
SPB,[M+H]+,NA,NA,NA,NA,[M+formate]-,NA,NA,NA,NA,0.299315143,0.790788631
SPBP,[M+NH4]+,[M+H]+,NA,NA,NA,[M-H]-,NA,NA,NA,NA,0.088178529,0.775661172
SQDG,[M+NH4]+,NA,NA,NA,NA,[M-H]-,[M+formate]-,[M-2H]2-,NA,NA,0.545928217,0.708911951
SQMG,[M+Na]+,[M+H]+,NA,NA,NA,[M-H]-,[M+formate]-,[M-2H]2-,NA,NA,0.438075938,0.688360038
ST,[M+H-H2O]+,[M-H2O+H]+,[M+H]+,[M+NH4]+,NA,[M+formate]-,[M-H]-,NA,NA,NA,0.442461511,0.843741146
SulfateHexSPB,[M+H]+,NA,NA,NA,NA,[M-H]-,[M+formate]-,[M-2H]2-,NA,NA,0.350054244,0.652896606
TG,[M+NH4]+,[M+Na]+,NA,NA,NA,[M+formate]-,NA,NA,NA,NA,0.762885413,0.921556594
WE,[M+H]+,[M+NH4]+,NA,NA,NA,[M+formate]-,NA,NA,NA,NA,0.610137727,0.970195858
Other,[M+NH4]+,[M+H]+,NA,NA,NA,[M+formate]-,[M-H]-,NA,NA,NA,1,1
