Class,IS for normalization (main) POS,IS for normalization (option 1) POS,IS for normalization (option 2) POS,IS for normalization (option 3) POS,IS for normalization (main) NEG,IS for normalization (option 1) NEG,IS for normalization (option 2) NEG,IS for normalization (option 3) NEG
CAR,[D7]LPC 18:1,[D7]LPE 18:1,[D7]PC 15:0_18:1,[D7]PG 15:0_18:1,[D7]LPC 18:1,[D7]LPE 18:1,[D7]PC 15:0_18:1,[D7]PG 15:0_18:1
CoA,[D7]PA 15:0_18:1,[D7]PG 15:0_18:1,[D7]PC 15:0_18:1,[D7]PG 15:0_18:1,[D7]PA 15:0_18:1,[D7]PG 15:0_18:1,[D7]PC 15:0_18:1,[D7]PG 15:0_18:1
FA,[D7]MG 18:1,[D7]DG 15:0_18:1,[D7]PC 15:0_18:1,[D7]PG 15:0_18:1,[D7]MG 18:1,[D7]DG 15:0_18:1,[D7]PC 15:0_18:1,[D7]PG 15:0_18:1
FAG,[D7]MG 18:1,[D7]DG 15:0_18:1,[D7]PC 15:0_18:1,[D7]PG 15:0_18:1,[D7]MG 18:1,[D7]DG 15:0_18:1,[D7]PC 15:0_18:1,[D7]PG 15:0_18:1
FAHFA,[D7]DG 15:0_18:1,[D7]MG 18:1,[D7]PC 15:0_18:1,[D7]PG 15:0_18:1,[D7]DG 15:0_18:1,[D7]MG 18:1,[D7]PC 15:0_18:1,[D7]PG 15:0_18:1
FAL,[D7]MG 18:1,[D7]DG 15:0_18:1,[D7]PC 15:0_18:1,[D7]PG 15:0_18:1,[D7]MG 18:1,[D7]DG 15:0_18:1,[D7]PC 15:0_18:1,[D7]PG 15:0_18:1
FOH,[D7]MG 18:1,[D7]DG 15:0_18:1,[D7]PC 15:0_18:1,[D7]PG 15:0_18:1,[D7]MG 18:1,[D7]DG 15:0_18:1,[D7]PC 15:0_18:1,[D7]PG 15:0_18:1
HC,[D7]MG 18:1,[D7]DG 15:0_18:1,[D7]PC 15:0_18:1,[D7]PG 15:0_18:1,[D7]MG 18:1,[D7]DG 15:0_18:1,[D7]PC 15:0_18:1,[D7]PG 15:0_18:1
NA,[D7]LPE 18:1,[D7]LPC 18:1,[D7]PC 15:0_18:1,[D7]PG 15:0_18:1,[D7]LPE 18:1,[D7]LPC 18:1,[D7]PC 15:0_18:1,[D7]PG 15:0_18:1
NAE,[D7]LPE 18:1,[D7]LPC 18:1,[D7]PC 15:0_18:1,[D7]PG 15:0_18:1,[D7]LPE 18:1,[D7]LPC 18:1,[D7]PC 15:0_18:1,[D7]PG 15:0_18:1
NAHis,[D7]LPE 18:1,[D7]LPC 18:1,[D7]PC 15:0_18:1,[D7]PG 15:0_18:1,[D7]LPE 18:1,[D7]LPC 18:1,[D7]PC 15:0_18:1,[D7]PG 15:0_18:1
NAT,[D7]LPE 18:1,[D7]LPC 18:1,[D7]PC 15:0_18:1,[D7]PG 15:0_18:1,[D7]LPE 18:1,[D7]LPC 18:1,[D7]PC 15:0_18:1,[D7]PG 15:0_18:1
WE,[D7]DG 15:0_18:1,[D7]TG 15:0_18:1_15:0,[D7]PC 15:0_18:1,[D7]PG 15:0_18:1,[D7]DG 15:0_18:1,[D7]TG 15:0_18:1_15:0,[D7]PC 15:0_18:1,[D7]PG 15:0_18:1
DG,[D7]DG 15:0_18:1,[D7]TG 15:0_18:1_15:0,[D7]PC 15:0_18:1,[D7]PG 15:0_18:1,[D7]DG 15:0_18:1,[D7]TG 15:0_18:1_15:0,[D7]PC 15:0_18:1,[D7]PG 15:0_18:1
DGCC,[D7]DG 15:0_18:1,[D7]TG 15:0_18:1_15:0,[D7]PC 15:0_18:1,[D7]PG 15:0_18:1,[D7]DG 15:0_18:1,[D7]TG 15:0_18:1_15:0,[D7]PC 15:0_18:1,[D7]PG 15:0_18:1
DGDG,[D7]DG 15:0_18:1,[D7]TG 15:0_18:1_15:0,[D7]PC 15:0_18:1,[D7]PG 15:0_18:1,[D7]DG 15:0_18:1,[D7]TG 15:0_18:1_15:0,[D7]PC 15:0_18:1,[D7]PG 15:0_18:1
DGMG,[D7]MG 18:1,[D7]DG 15:0_18:1,[D7]PC 15:0_18:1,[D7]PG 15:0_18:1,[D7]MG 18:1,[D7]DG 15:0_18:1,[D7]PC 15:0_18:1,[D7]PG 15:0_18:1
DGTA,[D7]DG 15:0_18:1,[D7]MG 18:1,[D7]PC 15:0_18:1,[D7]PG 15:0_18:1,[D7]DG 15:0_18:1,[D7]MG 18:1,[D7]PC 15:0_18:1,[D7]PG 15:0_18:1
DGTS,[D7]DG 15:0_18:1,[D7]MG 18:1,[D7]PC 15:0_18:1,[D7]PG 15:0_18:1,[D7]DG 15:0_18:1,[D7]MG 18:1,[D7]PC 15:0_18:1,[D7]PG 15:0_18:1
GlcADG,[D7]DG 15:0_18:1,[D7]MG 18:1,[D7]PC 15:0_18:1,[D7]PG 15:0_18:1,[D7]DG 15:0_18:1,[D7]MG 18:1,[D7]PC 15:0_18:1,[D7]PG 15:0_18:1
MG,[D7]MG 18:1,[D7]DG 15:0_18:1,[D7]PC 15:0_18:1,[D7]PG 15:0_18:1,[D7]MG 18:1,[D7]DG 15:0_18:1,[D7]PC 15:0_18:1,[D7]PG 15:0_18:1
MGDG,[D7]DG 15:0_18:1,[D7]MG 18:1,[D7]PC 15:0_18:1,[D7]PG 15:0_18:1,[D7]DG 15:0_18:1,[D7]MG 18:1,[D7]PC 15:0_18:1,[D7]PG 15:0_18:1
MGMG,[D7]MG 18:1,[D7]DG 15:0_18:1,[D7]PC 15:0_18:1,[D7]PG 15:0_18:1,[D7]MG 18:1,[D7]DG 15:0_18:1,[D7]PC 15:0_18:1,[D7]PG 15:0_18:1
SQDG,[D7]DG 15:0_18:1,[D7]TG 15:0_18:1_15:0,[D7]PC 15:0_18:1,[D7]PG 15:0_18:1,[D7]DG 15:0_18:1,[D7]TG 15:0_18:1_15:0,[D7]PC 15:0_18:1,[D7]PG 15:0_18:1
SQMG,[D7]MG 18:1,[D7]DG 15:0_18:1,[D7]PC 15:0_18:1,[D7]PG 15:0_18:1,[D7]MG 18:1,[D7]DG 15:0_18:1,[D7]PC 15:0_18:1,[D7]PG 15:0_18:1
TG,[D7]TG 15:0_18:1_15:0,[D7]DG 15:0_18:1,[D7]PC 15:0_18:1,[D7]PG 15:0_18:1,[D7]TG 15:0_18:1_15:0,[D7]DG 15:0_18:1,[D7]PC 15:0_18:1,[D7]PG 15:0_18:1
BMP,[D7]PA 15:0_18:1,[D7]PG 15:0_18:1,[D7]PC 15:0_18:1,[D7]PE 15:0_18:1,[D7]PA 15:0_18:1,[D7]PG 15:0_18:1,[D7]PC 15:0_18:1,[D7]PE 15:0_18:1
CDP-DG,[D7]DG 15:0_18:1,[D7]MG 18:1,[D7]PC 15:0_18:1,[D7]PG 15:0_18:1,[D7]DG 15:0_18:1,[D7]MG 18:1,[D7]PC 15:0_18:1,[D7]PG 15:0_18:1
CL,[D7]PG 15:0_18:1,[D7]PA 15:0_18:1,[D7]PC 15:0_18:1,[D7]PE 15:0_18:1,[D7]PG 15:0_18:1,[D7]PA 15:0_18:1,[D7]PC 15:0_18:1,[D7]PE 15:0_18:1
Glc-GP,[D7]PC 15:0_18:1,[D7]PE 15:0_18:1,[D7]PC 15:0_18:1,[D7]PG 15:0_18:1,[D7]PC 15:0_18:1,[D7]PE 15:0_18:1,[D7]PC 15:0_18:1,[D7]PG 15:0_18:1
GP,[D7]PC 15:0_18:1,[D7]PG 15:0_18:1,[D7]PE 15:0_18:1,[D7]PG 15:0_18:1,[D7]PC 15:0_18:1,[D7]PG 15:0_18:1,[D7]PE 15:0_18:1,[D7]PG 15:0_18:1
LPA,[D7]LPC 18:1,[D7]LPE 18:1,[D7]PC 15:0_18:1,[D7]PA 15:0_18:1,[D7]LPC 18:1,[D7]LPE 18:1,[D7]PC 15:0_18:1,[D7]PA 15:0_18:1
LPC,[D7]LPC 18:1,[D7]LPE 18:1,[D7]PC 15:0_18:1,[D7]PG 15:0_18:1,[D7]LPC 18:1,[D7]LPE 18:1,[D7]PC 15:0_18:1,[D7]PG 15:0_18:1
LPE,[D7]LPE 18:1,[D7]LPC 18:1,[D7]PE 15:0_18:1,[D7]PC 15:0_18:1,[D7]LPE 18:1,[D7]LPC 18:1,[D7]PE 15:0_18:1,[D7]PC 15:0_18:1
LPG,[D7]LPC 18:1,[D7]LPE 18:1,[D7]PG 15:0_18:1,[D7]PC 15:0_18:1,[D7]LPC 18:1,[D7]LPE 18:1,[D7]PG 15:0_18:1,[D7]PC 15:0_18:1
LPI,[D7]LPC 18:1,[D7]LPE 18:1,[D7]PI 15:0_18:1,[D7]PG 15:0_18:1,[D7]LPC 18:1,[D7]LPE 18:1,[D7]PI 15:0_18:1,[D7]PG 15:0_18:1
LPS,[D7]LPC 18:1,[D7]LPE 18:1,[D7]PS 15:0_18:1,[D7]PG 15:0_18:1,[D7]LPC 18:1,[D7]LPE 18:1,[D7]PS 15:0_18:1,[D7]PG 15:0_18:1
LBPA,[D7]PA 15:0_18:1,[D7]PG 15:0_18:1,[D7]LPC 15:0_18:1,[D7]PC 15:0_18:1,[D7]PA 15:0_18:1,[D7]PG 15:0_18:1,[D7]LPC 15:0_18:1,[D7]PC 15:0_18:1
SLBPA,[D7]PA 15:0_18:1,[D7]PG 15:0_18:1,[D7]PC 15:0_18:1,[D7]LPC 15:0_18:1,[D7]PA 15:0_18:1,[D7]PG 15:0_18:1,[D7]PC 15:0_18:1,[D7]LPC 15:0_18:1
MLCL,[D7]PG 15:0_18:1,[D7]PA 15:0_18:1,[D7]PC 15:0_18:1,[D7]PE 15:0_18:1,[D7]PG 15:0_18:1,[D7]PA 15:0_18:1,[D7]PC 15:0_18:1,[D7]PE 15:0_18:1
DLCL,[D7]PG 15:0_18:1,[D7]PA 15:0_18:1,[D7]PC 15:0_18:1,[D7]PE 15:0_18:1,[D7]PG 15:0_18:1,[D7]PA 15:0_18:1,[D7]PC 15:0_18:1,[D7]PE 15:0_18:1
PA,[D7]PA 15:0_18:1,[D7]PG 15:0_18:1,[D7]PC 15:0_18:1,[D7]PE 15:0_18:1,[D7]PA 15:0_18:1,[D7]PG 15:0_18:1,[D7]PC 15:0_18:1,[D7]PE 15:0_18:1
PC,[D7]PC 15:0_18:1,[D7]PE 15:0_18:1,[D7]PG 15:0_18:1,[D7]LPC 15:0_18:1,[D7]PC 15:0_18:1,[D7]PE 15:0_18:1,[D7]PG 15:0_18:1,[D7]LPC 15:0_18:1
PE,[D7]PE 15:0_18:1,[D7]PC 15:0_18:1,[D7]PG 15:0_18:1,[D7]LPC 15:0_18:1,[D7]PE 15:0_18:1,[D7]PC 15:0_18:1,[D7]PG 15:0_18:1,[D7]LPC 15:0_18:1
PE-NMe,[D7]PE 15:0_18:1,[D7]PC 15:0_18:1,[D7]PG 15:0_18:1,[D7]LPC 15:0_18:1,[D7]PE 15:0_18:1,[D7]PC 15:0_18:1,[D7]PG 15:0_18:1,[D7]LPC 15:0_18:1
NAPE,[D7]PE 15:0_18:1,[D7]PC 15:0_18:1,[D7]PG 15:0_18:1,[D7]LPC 15:0_18:1,[D7]PE 15:0_18:1,[D7]PC 15:0_18:1,[D7]PG 15:0_18:1,[D7]LPC 15:0_18:1
PG,[D7]PG 15:0_18:1,[D7]PC 15:0_18:1,[D7]PE 15:0_18:1,[D7]LPC 15:0_18:1,[D7]PG 15:0_18:1,[D7]PC 15:0_18:1,[D7]PE 15:0_18:1,[D7]LPC 15:0_18:1
PI,[D7]PI 15:0_18:1,[D7]PG 15:0_18:1,[D7]PC 15:0_18:1,[D7]LPC 15:0_18:1,[D7]PI 15:0_18:1,[D7]PG 15:0_18:1,[D7]PC 15:0_18:1,[D7]LPC 15:0_18:1
PIM,[D7]PI 15:0_18:1,[D7]PG 15:0_18:1,[D7]PC 15:0_18:1,[D7]LPC 15:0_18:1,[D7]PI 15:0_18:1,[D7]PG 15:0_18:1,[D7]PC 15:0_18:1,[D7]LPC 15:0_18:1
LPIM,[D7]LPC 18:1,[D7]LPE 18:1,[D7]PI 15:0_18:1,[D7]PG 15:0_18:1,[D7]LPC 18:1,[D7]LPE 18:1,[D7]PI 15:0_18:1,[D7]PG 15:0_18:1
PIP,[D7]PI 15:0_18:1,[D7]PG 15:0_18:1,[D7]PC 15:0_18:1,[D7]LPC 15:0_18:1,[D7]PI 15:0_18:1,[D7]PG 15:0_18:1,[D7]PC 15:0_18:1,[D7]LPC 15:0_18:1
PnC,[D7]PC 15:0_18:1,[D7]PE 15:0_18:1,[D7]PG 15:0_18:1,[D7]LPC 15:0_18:1,[D7]PC 15:0_18:1,[D7]PE 15:0_18:1,[D7]PG 15:0_18:1,[D7]LPC 15:0_18:1
PnE,[D7]PE 15:0_18:1,[D7]PC 15:0_18:1,[D7]PG 15:0_18:1,[D7]LPC 15:0_18:1,[D7]PE 15:0_18:1,[D7]PC 15:0_18:1,[D7]PG 15:0_18:1,[D7]LPC 15:0_18:1
Am-Hex-PE,[D7]PE 15:0_18:1,[D7]PC 15:0_18:1,[D7]PG 15:0_18:1,[D7]LPC 15:0_18:1,[D7]PE 15:0_18:1,[D7]PC 15:0_18:1,[D7]PG 15:0_18:1,[D7]LPC 15:0_18:1
PPA,[D7]PA 15:0_18:1,[D7]PG 15:0_18:1,[D7]PC 15:0_18:1,[D7]PE 15:0_18:1,[D7]PA 15:0_18:1,[D7]PG 15:0_18:1,[D7]PC 15:0_18:1,[D7]PE 15:0_18:1
CPA,[D7]PA 15:0_18:1,[D7]PG 15:0_18:1,[D7]PC 15:0_18:1,[D7]PE 15:0_18:1,[D7]PA 15:0_18:1,[D7]PG 15:0_18:1,[D7]PC 15:0_18:1,[D7]PE 15:0_18:1
PS-Nac,[D7]PS 15:0_18:1,[D7]PG 15:0_18:1,[D7]PC 15:0_18:1,[D7]PI 15:0_18:1,[D7]PS 15:0_18:1,[D7]PG 15:0_18:1,[D7]PC 15:0_18:1,[D7]PI 15:0_18:1
PS,[D7]PS 15:0_18:1,[D7]PG 15:0_18:1,[D7]PC 15:0_18:1,[D7]PI 15:0_18:1,[D7]PS 15:0_18:1,[D7]PG 15:0_18:1,[D7]PC 15:0_18:1,[D7]PI 15:0_18:1
ACer,[D9]SM 18:0;O2/18:1,[D7]PC 15:0_18:1,[D7]PE 15:0_18:1,[D7]PG 15:0_18:1,[D9]SM 18:0;O2/18:1,[D7]PC 15:0_18:1,[D7]PE 15:0_18:1,[D7]PG 15:0_18:1
Cer,[D9]SM 18:0;O2/18:1,[D7]PC 15:0_18:1,[D7]PE 15:0_18:1,[D7]PG 15:0_18:1,[D9]SM 18:0;O2/18:1,[D7]PC 15:0_18:1,[D7]PE 15:0_18:1,[D7]PG 15:0_18:1
CerP,[D9]SM 18:0;O2/18:1,[D7]PC 15:0_18:1,[D7]PE 15:0_18:1,[D7]PG 15:0_18:1,[D9]SM 18:0;O2/18:1,[D7]PC 15:0_18:1,[D7]PE 15:0_18:1,[D7]PG 15:0_18:1
GlcCer,[D9]SM 18:0;O2/18:1,[D7]PC 15:0_18:1,[D7]PE 15:0_18:1,[D7]PG 15:0_18:1,[D9]SM 18:0;O2/18:1,[D7]PC 15:0_18:1,[D7]PE 15:0_18:1,[D7]PG 15:0_18:1
HexCer,[D9]SM 18:0;O2/18:1,[D7]PC 15:0_18:1,[D7]PE 15:0_18:1,[D7]PG 15:0_18:1,[D9]SM 18:0;O2/18:1,[D7]PC 15:0_18:1,[D7]PE 15:0_18:1,[D7]PG 15:0_18:1
Hex2Cer,[D9]SM 18:0;O2/18:1,[D7]PC 15:0_18:1,[D7]PE 15:0_18:1,[D7]PG 15:0_18:1,[D9]SM 18:0;O2/18:1,[D7]PC 15:0_18:1,[D7]PE 15:0_18:1,[D7]PG 15:0_18:1
HexSPB,[D9]SM 18:0;O2/18:1,[D7]PC 15:0_18:1,[D7]PE 15:0_18:1,[D7]PG 15:0_18:1,[D9]SM 18:0;O2/18:1,[D7]PC 15:0_18:1,[D7]PE 15:0_18:1,[D7]PG 15:0_18:1
LSM,[D7]LPC 18:1,[D7]LPE 18:1,[D7]PC 15:0_18:1,[D7]PG 15:0_18:1,[D7]LPC 18:1,[D7]LPE 18:1,[D7]PC 15:0_18:1,[D7]PG 15:0_18:1
M(IP)2C,[D7]PI 15:0_18:1,[D9]SM 18:0;O2/18:1,[D7]PC 15:0_18:1,[D7]PG 15:0_18:1,[D7]PI 15:0_18:1,[D9]SM 18:0;O2/18:1,[D7]PC 15:0_18:1,[D7]PG 15:0_18:1
MIPC,[D7]PI 15:0_18:1,[D9]SM 18:0;O2/18:1,[D7]PC 15:0_18:1,[D7]PG 15:0_18:1,[D7]PI 15:0_18:1,[D9]SM 18:0;O2/18:1,[D7]PC 15:0_18:1,[D7]PG 15:0_18:1
PE-Cer,[D7]PE 15:0_18:1,[D9]SM 18:0;O2/18:1,[D7]PC 15:0_18:1,[D7]PG 15:0_18:1,[D7]PE 15:0_18:1,[D9]SM 18:0;O2/18:1,[D7]PC 15:0_18:1,[D7]PG 15:0_18:1
CerPE,[D7]PE 15:0_18:1,[D9]SM 18:0;O2/18:1,[D7]PC 15:0_18:1,[D7]PG 15:0_18:1,[D7]PE 15:0_18:1,[D9]SM 18:0;O2/18:1,[D7]PC 15:0_18:1,[D7]PG 15:0_18:1
PI-Cer,[D7]PI 15:0_18:1,[D9]SM 18:0;O2/18:1,[D7]PC 15:0_18:1,[D7]PG 15:0_18:1,[D7]PI 15:0_18:1,[D9]SM 18:0;O2/18:1,[D7]PC 15:0_18:1,[D7]PG 15:0_18:1
CerPI,[D7]PI 15:0_18:1,[D9]SM 18:0;O2/18:1,[D7]PC 15:0_18:1,[D7]PG 15:0_18:1,[D7]PI 15:0_18:1,[D9]SM 18:0;O2/18:1,[D7]PC 15:0_18:1,[D7]PG 15:0_18:1
SCer,[D9]SM 18:0;O2/18:1,[D7]PC 15:0_18:1,[D7]PE 15:0_18:1,[D7]PG 15:0_18:1,[D9]SM 18:0;O2/18:1,[D7]PC 15:0_18:1,[D7]PE 15:0_18:1,[D7]PG 15:0_18:1
SHexCer,[D9]SM 18:0;O2/18:1,[D7]PC 15:0_18:1,[D7]PE 15:0_18:1,[D7]PG 15:0_18:1,[D9]SM 18:0;O2/18:1,[D7]PC 15:0_18:1,[D7]PE 15:0_18:1,[D7]PG 15:0_18:1
SM,[D9]SM 18:0;O2/18:1,[D7]PC 15:0_18:1,[D7]PE 15:0_18:1,[D7]PG 15:0_18:1,[D9]SM 18:0;O2/18:1,[D7]PC 15:0_18:1,[D7]PE 15:0_18:1,[D7]PG 15:0_18:1
SPB,[D9]SM 18:0;O2/18:1,[D7]PC 15:0_18:1,[D7]PE 15:0_18:1,[D7]PG 15:0_18:1,[D9]SM 18:0;O2/18:1,[D7]PC 15:0_18:1,[D7]PE 15:0_18:1,[D7]PG 15:0_18:1
SPBP,[D9]SM 18:0;O2/18:1,[D7]PC 15:0_18:1,[D7]PE 15:0_18:1,[D7]PG 15:0_18:1,[D9]SM 18:0;O2/18:1,[D7]PC 15:0_18:1,[D7]PE 15:0_18:1,[D7]PG 15:0_18:1
SulfateHexSPB,[D9]SM 18:0;O2/18:1,[D7]PC 15:0_18:1,[D7]PE 15:0_18:1,[D7]PG 15:0_18:1,[D9]SM 18:0;O2/18:1,[D7]PC 15:0_18:1,[D7]PE 15:0_18:1,[D7]PG 15:0_18:1
CE,[D7]CE 18:1,[D7]ST 27:1;O (Cholesterol-d7),[D7]TG 15:0_18:1_15:0,[D7]PC 15:0_18:1,[D7]CE 18:1,[D7]ST 27:1;O (Cholesterol-d7),[D7]TG 15:0_18:1_15:0,[D7]PC 15:0_18:1
ST,[D7]ST 27:1;O (Cholesterol-d7),[D7]DG 15:0_18:1,[D7]PC 15:0_18:1,[D7]PC 15:0_18:1,[D7]ST 27:1;O (Cholesterol-d7),[D7]DG 15:0_18:1,[D7]PC 15:0_18:1,[D7]PC 15:0_18:1
PK,[D7]PC 15:0_18:1,[D7]PG 15:0_18:1,[D7]DG 15:0_18:1,[D7]PE 15:0_18:1,[D7]PC 15:0_18:1,[D7]PG 15:0_18:1,[D7]DG 15:0_18:1,[D7]PE 15:0_18:1
PR,[D7]PC 15:0_18:1,[D7]PG 15:0_18:1,[D7]DG 15:0_18:1,[D7]PE 15:0_18:1,[D7]PC 15:0_18:1,[D7]PG 15:0_18:1,[D7]DG 15:0_18:1,[D7]PE 15:0_18:1
SL,[D7]PC 15:0_18:1,[D7]PG 15:0_18:1,[D7]DG 15:0_18:1,[D7]PE 15:0_18:1,[D7]PC 15:0_18:1,[D7]PG 15:0_18:1,[D7]DG 15:0_18:1,[D7]PE 15:0_18:1
Other,[D7]PC 15:0_18:1,[D7]PG 15:0_18:1,[D7]DG 15:0_18:1,[D7]PE 15:0_18:1,[D7]PC 15:0_18:1,[D7]PG 15:0_18:1,[D7]DG 15:0_18:1,[D7]PE 15:0_18:1
