Class,IS for normalization (main) POS,IS for normalization (option 1) POS,IS for normalization (option 2) POS,IS for normalization (option 3) POS,IS for normalization (option 4) POS,IS for normalization (main) NEG,IS for normalization (option 1) NEG,IS for normalization (option 2) NEG,IS for normalization (option 3) NEG
ACer,[D9]Cer 18:0;O2/16:0,[D9]SM 18:1;O2/16:0,[D7]PC 15:0_18:1,[D9]PE 16:0_16:0,[D9]PG 16:0_16:0,[D9]Cer 18:0;O2/16:0,[D9]SM 18:1;O2/16:0,[D7]PC 15:0_18:1,[D9]PE 16:0_16:0
Am-Hex-PE,[D9]PE 16:0_16:0,[D7]PC 15:0_18:1,[D7]PG 15:0_18:1,[D9]LPE 16:0,[D7]LPC 18:1,[D9]PE 16:0_16:0,[D7]PC 15:0_18:1,[D7]PG 15:0_18:1,[D9]LPE 16:0
BMP,[D7]PG 15:0_18:1,[D7]PC 15:0_18:1,[D9]PE 16:0_16:0,[D9]LPE 16:0,[D7]LPC 18:1,[D7]PG 15:0_18:1,[D7]PC 15:0_18:1,[D9]PE 16:0_16:0,[D9]LPE 16:0
CAR,[D7]LPC 18:1,[D9]LPE 16:0,[D7]PC 15:0_18:1,[D7]PG 15:0_18:1,[D9]PE 16:0_16:0,[D7]LPC 18:1,[D9]LPE 16:0,[D7]PC 15:0_18:1,[D7]PG 15:0_18:1
CDP-DG,[D9]DG 16:0_16:0,[D7]MG 18:1,[D7]PC 15:0_18:1,[D7]PG 15:0_18:1,[D9]PE 16:0_16:0,[D9]DG 16:0_16:0,[D7]MG 18:1,[D7]PC 15:0_18:1,[D7]PG 15:0_18:1
CE,[D7]CE 16:0,[D6]ST 27:1;O ,[D9]TG 16:0_16:0_16:0,[D7]PC 15:0_18:1,[D9]PE 16:0_16:0,[D7]CE 16:0,[D6]ST 27:1;O ,[D9]TG 16:0_16:0_16:0,[D7]PC 15:0_18:1
Cer,[D9]Cer 18:0;O2/16:0,[D9]SM 18:1;O2/16:0,[D7]PC 15:0_18:1,[D9]PE 16:0_16:0,[D7]PG 15:0_18:1,[D9]Cer 18:0;O2/16:0,[D9]SM 18:1;O2/16:0,[D7]PC 15:0_18:1,[D9]PE 16:0_16:0
CerP,[D9]Cer 18:0;O2/16:0,[D9]SM 18:1;O2/16:0,[D7]PC 15:0_18:1,[D9]PE 16:0_16:0,[D7]PG 15:0_18:1,[D9]Cer 18:0;O2/16:0,[D9]SM 18:1;O2/16:0,[D7]PC 15:0_18:1,[D9]PE 16:0_16:0
CerPE,[D9]PE 16:0_16:0,[D9]SM 18:1;O2/16:0,[D9]Cer 18:0;O2/16:0,[D7]PC 15:0_18:1,[D7]PG 15:0_18:1,[D9]PE 16:0_16:0,[D9]SM 18:1;O2/16:0,[D9]Cer 18:0;O2/16:0,[D7]PC 15:0_18:1
CerPI,[D7]PG 15:0_18:1,[D9]SM 18:1;O2/16:0,[D9]Cer 18:0;O2/16:0,[D7]PC 15:0_18:1,[D7]PG 15:0_18:1,[D7]PG 15:0_18:1,[D9]SM 18:1;O2/16:0,[D9]Cer 18:0;O2/16:0,[D7]PC 15:0_18:1
CL,[D5]CL 18:2/18:2/18:2/18:2,[D7]PG 15:0_18:1,[D7]PC 15:0_18:1,[D9]PE 16:0_16:0,[D7]LPC 18:1,[D5]CL 18:2/18:2/18:2/18:2,[D7]PG 15:0_18:1,[D7]PC 15:0_18:1,[D9]PE 16:0_16:0
MLCL,[D5]CL 18:2/18:2/18:2/18:2,[D7]PG 15:0_18:1,[D7]PC 15:0_18:1,[D9]PE 16:0_16:0,[D7]LPC 18:1,[D5]CL 18:2/18:2/18:2/18:2,[D7]PG 15:0_18:1,[D7]PC 15:0_18:1,[D9]PE 16:0_16:0
DLCL,[D5]CL 18:2/18:2/18:2/18:2,[D7]PG 15:0_18:1,[D7]PC 15:0_18:1,[D9]PE 16:0_16:0,[D7]LPC 18:1,[D5]CL 18:2/18:2/18:2/18:2,[D7]PG 15:0_18:1,[D7]PC 15:0_18:1,[D9]PE 16:0_16:0
CoA,[D7]PG 15:0_18:1,[D7]LPC 18:1,[D7]PC 15:0_18:1,[D9]PE 16:0_16:0,[D9]LPE 16:0,[D7]PG 15:0_18:1,[D7]LPC 18:1,[D7]PC 15:0_18:1,[D9]PE 16:0_16:0
CPA,[D7]PG 15:0_18:1,[D7]PC 15:0_18:1,[D9]PE 16:0_16:0,[D7]LPC 18:1,[D9]LPE 16:0,[D7]PG 15:0_18:1,[D7]PC 15:0_18:1,[D9]PE 16:0_16:0,[D7]LPC 18:1
DG,[D9]DG 16:0_16:0,[D9]TG 16:0_16:0_16:0,[D7]MG 18:1,[D7]PC 15:0_18:1,[D7]PG 15:0_18:1,[D9]DG 16:0_16:0,[D9]TG 16:0_16:0_16:0,[D7]MG 18:1,[D7]PC 15:0_18:1
DGCC,[D9]DG 16:0_16:0,[D9]TG 16:0_16:0_16:0,[D7]MG 18:1,[D7]PC 15:0_18:1,[D7]PG 15:0_18:1,[D9]DG 16:0_16:0,[D9]TG 16:0_16:0_16:0,[D7]MG 18:1,[D7]PC 15:0_18:1
Hex2DG,[D9]DG 16:0_16:0,[D9]TG 16:0_16:0_16:0,[D7]MG 18:1,[D7]PC 15:0_18:1,[D7]PG 15:0_18:1,[D9]DG 16:0_16:0,[D9]TG 16:0_16:0_16:0,[D7]MG 18:1,[D7]PC 15:0_18:1
Hex2MG,[D9]DG 16:0_16:0,[D9]TG 16:0_16:0_16:0,[D7]MG 18:1,[D7]PC 15:0_18:1,[D7]PG 15:0_18:1,[D9]DG 16:0_16:0,[D9]TG 16:0_16:0_16:0,[D7]MG 18:1,[D7]PC 15:0_18:1
DGTA,[D9]DG 16:0_16:0,[D9]TG 16:0_16:0_16:0,[D7]MG 18:1,[D7]PC 15:0_18:1,[D7]PG 15:0_18:1,[D9]DG 16:0_16:0,[D9]TG 16:0_16:0_16:0,[D7]MG 18:1,[D7]PC 15:0_18:1
DGTS,[D9]DG 16:0_16:0,[D9]TG 16:0_16:0_16:0,[D7]MG 18:1,[D7]PC 15:0_18:1,[D7]PG 15:0_18:1,[D9]DG 16:0_16:0,[D9]TG 16:0_16:0_16:0,[D7]MG 18:1,[D7]PC 15:0_18:1
DLCL,[D5]CL 18:2/18:2/18:2/18:2,[D7]PG 15:0_18:1,[D7]PC 15:0_18:1,[D9]PE 16:0_16:0,[D7]LPC 18:1,[D5]CL 18:2/18:2/18:2/18:2,[D7]PG 15:0_18:1,[D7]PC 15:0_18:1,[D9]PE 16:0_16:0
FA,[D3]FA 20:0,[D7]MG 18:1,[D9]DG 16:0_16:0,[D7]PG 15:0_18:1,[D7]LPC 18:1,[D3]FA 20:0,[D7]MG 18:1,[D9]DG 16:0_16:0,[D7]PG 15:0_18:1
FAG,[D3]FA 20:0,[D7]MG 18:1,[D9]DG 16:0_16:0,[D7]PC 15:0_18:1,[D7]LPC 18:1,[D3]FA 20:0,[D7]MG 18:1,[D9]DG 16:0_16:0,[D7]PC 15:0_18:1
FAHFA,[D9]DG 16:0_16:0,[D7]MG 18:1,[D7]PC 15:0_18:1,[D7]PG 15:0_18:1,[D9]PE 16:0_16:0,[D9]DG 16:0_16:0,[D3]FA 20:0,[D7]MG 18:1,[D7]PC 15:0_18:1
FAL,[D3]FA 20:0,[D7]MG 18:1,[D9]DG 16:0_16:0,[D7]PG 15:0_18:1,[D7]LPC 18:1,[D3]FA 20:0,[D7]MG 18:1,[D9]DG 16:0_16:0,[D7]PG 15:0_18:1
FOH,[D3]FA 20:0,[D7]MG 18:1,[D9]DG 16:0_16:0,[D7]PG 15:0_18:1,[D7]LPC 18:1,[D3]FA 20:0,[D7]MG 18:1,[D9]DG 16:0_16:0,[D7]PG 15:0_18:1
GlcADG,[D9]DG 16:0_16:0,[D7]MG 18:1,[D7]PC 15:0_18:1,[D7]PG 15:0_18:1,[D7]PG 15:0_18:1,[D9]DG 16:0_16:0,[D3]FA 20:0,[D7]MG 18:1,[D7]PC 15:0_18:1
GlcCer,[D9]Cer 18:0;O2/16:0,[D9]SM 18:1;O2/16:0,[D7]PC 15:0_18:1,[D9]PE 16:0_16:0,[D9]PE 16:0_16:0,[D9]Cer 18:0;O2/16:0,[D9]SM 18:1;O2/16:0,[D7]PC 15:0_18:1,[D9]PE 16:0_16:0
Glc-GP,[D7]PC 15:0_18:1,[D9]PE 16:0_16:0,[D7]PC 15:0_18:1,[D7]PG 15:0_18:1,[D7]PG 15:0_18:1,[D7]PC 15:0_18:1,[D9]PE 16:0_16:0,[D7]PC 15:0_18:1,[D7]PG 15:0_18:1
GP,[D7]PC 15:0_18:1,[D7]PG 15:0_18:1,[D9]PE 16:0_16:0,[D7]PG 15:0_18:1,[D7]PG 15:0_18:1,[D7]PC 15:0_18:1,[D7]PG 15:0_18:1,[D9]PE 16:0_16:0,[D7]PG 15:0_18:1
HC,[D3]FA 20:0,[D7]MG 18:1,[D9]DG 16:0_16:0,[D7]PG 15:0_18:1,[D7]LPC 18:1,[D3]FA 20:0,[D7]MG 18:1,[D9]DG 16:0_16:0,[D7]PG 15:0_18:1
Hex2Cer,[D9]Cer 18:0;O2/16:0,[D9]SM 18:1;O2/16:0,[D7]PC 15:0_18:1,[D9]PE 16:0_16:0,[D9]PE 16:0_16:0,[D9]Cer 18:0;O2/16:0,[D9]SM 18:1;O2/16:0,[D7]PC 15:0_18:1,[D9]PE 16:0_16:0
HexCer,[D9]Cer 18:0;O2/16:0,[D9]SM 18:1;O2/16:0,[D7]PC 15:0_18:1,[D9]PE 16:0_16:0,[D9]PE 16:0_16:0,[D9]Cer 18:0;O2/16:0,[D9]SM 18:1;O2/16:0,[D7]PC 15:0_18:1,[D9]PE 16:0_16:0
HexSPB,[D9]Cer 18:0;O2/16:0,[D9]SM 18:1;O2/16:0,[D7]PC 15:0_18:1,[D9]PE 16:0_16:0,[D9]PE 16:0_16:0,[D9]Cer 18:0;O2/16:0,[D9]SM 18:1;O2/16:0,[D7]PC 15:0_18:1,[D9]PE 16:0_16:0
LBPA,[D7]PG 15:0_18:1,[D7]PC 15:0_18:1,[D9]PE 16:0_16:0,[D9]LPE 16:0,[D7]LPC 18:1,[D7]PG 15:0_18:1,[D7]PC 15:0_18:1,[D9]PE 16:0_16:0,[D9]LPE 16:0
LPA,[D7]LPC 18:1,[D9]LPE 16:0,[D7]PC 15:0_18:1,[D7]PG 15:0_18:1,[D9]PE 16:0_16:0,[D7]LPC 18:1,[D9]LPE 16:0,[D7]PC 15:0_18:1,[D7]PG 15:0_18:1
LPC,[D7]LPC 18:1,[D9]LPE 16:0,[D7]PC 15:0_18:1,[D7]PG 15:0_18:1,[D9]PE 16:0_16:0,[D7]LPC 18:1,[D9]LPE 16:0,[D7]PC 15:0_18:1,[D7]PG 15:0_18:1
LPE,[D9]LPE 16:0,[D7]LPC 18:1,[D9]PE 16:0_16:0,[D7]PC 15:0_18:1,[D7]PG 15:0_18:1,[D9]LPE 16:0,[D7]LPC 18:1,[D9]PE 16:0_16:0,[D7]PC 15:0_18:1
LPG,[D7]LPC 18:1,[D9]LPE 16:0,[D7]PC 15:0_18:1,[D7]PG 15:0_18:1,[D9]PE 16:0_16:0,[D7]LPC 18:1,[D9]LPE 16:0,[D7]PC 15:0_18:1,[D7]PG 15:0_18:1
LPI,[D7]LPC 18:1,[D9]LPE 16:0,[D7]PC 15:0_18:1,[D7]PG 15:0_18:1,[D9]PE 16:0_16:0,[D7]LPC 18:1,[D9]LPE 16:0,[D7]PC 15:0_18:1,[D7]PG 15:0_18:1
LPIM,[D7]LPC 18:1,[D9]LPE 16:0,[D7]PC 15:0_18:1,[D7]PG 15:0_18:1,[D9]PE 16:0_16:0,[D7]LPC 18:1,[D9]LPE 16:0,[D7]PC 15:0_18:1,[D7]PG 15:0_18:1
LPS,[D7]LPC 18:1,[D9]LPE 16:0,[D7]PC 15:0_18:1,[D7]PG 15:0_18:1,[D9]PE 16:0_16:0,[D7]LPC 18:1,[D9]LPE 16:0,[D7]PC 15:0_18:1,[D7]PG 15:0_18:1
LSM,[D9]SM 18:1;O2/16:0,[D7]LPC 18:1,[D9]LPE 16:0,[D7]PC 15:0_18:1,[D7]PG 15:0_18:1,[D9]SM 18:1;O2/16:0,[D7]LPC 18:1,[D9]LPE 16:0,[D7]PC 15:0_18:1
M(IP)2C,[D7]PG 15:0_18:1,[D9]SM 18:1;O2/16:0,[D9]Cer 18:0;O2/16:0,[D7]PC 15:0_18:1,[D9]PE 16:0_16:0,[D7]PG 15:0_18:1,[D9]SM 18:1;O2/16:0,[D9]Cer 18:0;O2/16:0,[D7]PC 15:0_18:1
MG,[D7]MG 18:1,[D9]DG 16:0_16:0,[D7]LPC 18:1,[D9]LPE 16:0,[D7]PC 15:0_18:1,[D7]MG 18:1,[D9]DG 16:0_16:0,[D7]LPC 18:1,[D9]LPE 16:0
HexDG,[D9]DG 16:0_16:0,[D9]TG 16:0_16:0_16:0,[D7]MG 18:1,[D7]PC 15:0_18:1,[D7]PG 15:0_18:1,[D9]DG 16:0_16:0,[D9]TG 16:0_16:0_16:0,[D7]MG 18:1,[D7]PC 15:0_18:1
HexMG,[D9]DG 16:0_16:0,[D9]TG 16:0_16:0_16:0,[D7]MG 18:1,[D7]PC 15:0_18:1,[D7]PG 15:0_18:1,[D9]DG 16:0_16:0,[D9]TG 16:0_16:0_16:0,[D7]MG 18:1,[D7]PC 15:0_18:1
MIPC,[D7]PG 15:0_18:1,[D9]SM 18:1;O2/16:0,[D9]Cer 18:0;O2/16:0,[D7]PC 15:0_18:1,[D9]PE 16:0_16:0,[D7]PG 15:0_18:1,[D9]SM 18:1;O2/16:0,[D9]Cer 18:0;O2/16:0,[D7]PC 15:0_18:1
MLCL,[D5]CL 18:2/18:2/18:2/18:2,[D7]PG 15:0_18:1,[D7]PC 15:0_18:1,[D9]PE 16:0_16:0,[D7]LPC 18:1,[D5]CL 18:2/18:2/18:2/18:2,[D7]PG 15:0_18:1,[D7]PC 15:0_18:1,[D9]PE 16:0_16:0
NAx,[D9]LPE 16:0,[D7]LPC 18:1,[D7]PC 15:0_18:1,[D7]PG 15:0_18:1,[D9]PE 16:0_16:0,[D9]LPE 16:0,[D7]LPC 18:1,[D7]PC 15:0_18:1,[D7]PG 15:0_18:1
NAE,[D9]LPE 16:0,[D7]LPC 18:1,[D7]PC 15:0_18:1,[D7]PG 15:0_18:1,[D9]PE 16:0_16:0,[D9]LPE 16:0,[D7]LPC 18:1,[D7]PC 15:0_18:1,[D7]PG 15:0_18:1
NAHis,[D9]LPE 16:0,[D7]LPC 18:1,[D7]PC 15:0_18:1,[D7]PG 15:0_18:1,[D9]PE 16:0_16:0,[D9]LPE 16:0,[D7]LPC 18:1,[D7]PC 15:0_18:1,[D7]PG 15:0_18:1
NAPE,[D9]LPE 16:0,[D7]LPC 18:1,[D7]PC 15:0_18:1,[D7]PG 15:0_18:1,[D9]PE 16:0_16:0,[D9]LPE 16:0,[D7]LPC 18:1,[D7]PC 15:0_18:1,[D7]PG 15:0_18:1
NAT,[D9]LPE 16:0,[D7]LPC 18:1,[D7]PC 15:0_18:1,[D7]PG 15:0_18:1,[D9]PE 16:0_16:0,[D9]LPE 16:0,[D7]LPC 18:1,[D7]PC 15:0_18:1,[D7]PG 15:0_18:1
Other,[D7]PC 15:0_18:1,[D7]PG 15:0_18:1,[D9]DG 16:0_16:0,[D9]PE 16:0_16:0,[D7]LPC 18:1,[D7]PC 15:0_18:1,[D7]PG 15:0_18:1,[D9]DG 16:0_16:0,[D9]PE 16:0_16:0
PA,[D7]PG 15:0_18:1,[D7]PC 15:0_18:1,[D9]PE 16:0_16:0,[D7]LPC 18:1,[D9]LPE 16:0,[D7]PG 15:0_18:1,[D7]PC 15:0_18:1,[D9]PE 16:0_16:0,[D7]LPC 18:1
PC,[D7]PC 15:0_18:1,[D9]PE 16:0_16:0,[D7]PG 15:0_18:1,[D7]LPC 18:1,[D9]LPE 16:0,[D7]PC 15:0_18:1,[D9]PE 16:0_16:0,[D7]PG 15:0_18:1,[D7]LPC 18:1
PEtH,[D9]PE 16:0_16:0,[D7]PC 15:0_18:1,[D7]PG 15:0_18:1,[D7]LPC 18:1,[D9]LPE 16:0,[D9]PE 16:0_16:0,[D7]PC 15:0_18:1,[D7]PG 15:0_18:1,[D7]LPC 18:1
PE,[D9]PE 16:0_16:0,[D7]PC 15:0_18:1,[D7]PG 15:0_18:1,[D7]LPC 18:1,[D9]LPE 16:0,[D9]PE 16:0_16:0,[D7]PC 15:0_18:1,[D7]PG 15:0_18:1,[D7]LPC 18:1
PE-Cer,[D9]PE 16:0_16:0,[D9]SM 18:1;O2/16:0,[D9]Cer 18:0;O2/16:0,[D7]PC 15:0_18:1,[D9]LPE 16:0,[D9]PE 16:0_16:0,[D9]SM 18:1;O2/16:0,[D9]Cer 18:0;O2/16:0,[D7]PC 15:0_18:1
PE-NMe,[D9]PE 16:0_16:0,[D7]PC 15:0_18:1,[D7]PG 15:0_18:1,[D7]LPC 18:1,[D9]LPE 16:0,[D9]PE 16:0_16:0,[D7]PC 15:0_18:1,[D7]PG 15:0_18:1,[D7]LPC 18:1
PG,[D7]PG 15:0_18:1,[D7]PC 15:0_18:1,[D9]PE 16:0_16:0,[D7]LPC 18:1,[D9]LPE 16:0,[D7]PG 15:0_18:1,[D7]PC 15:0_18:1,[D9]PE 16:0_16:0,[D7]LPC 18:1
PI,[D7]PG 15:0_18:1,[D7]PC 15:0_18:1,[D9]PE 16:0_16:0,[D7]LPC 18:1,[D9]LPE 16:0,[D7]PG 15:0_18:1,[D7]PC 15:0_18:1,[D9]PE 16:0_16:0,[D7]LPC 18:1
PI-Cer,[D7]PG 15:0_18:1,[D9]SM 18:1;O2/16:0,[D9]Cer 18:0;O2/16:0,[D7]PC 15:0_18:1,[D7]PC 15:0_18:1,[D7]PG 15:0_18:1,[D9]SM 18:1;O2/16:0,[D9]Cer 18:0;O2/16:0,[D7]PC 15:0_18:1
PIM,[D7]PG 15:0_18:1,[D7]PC 15:0_18:1,[D9]PE 16:0_16:0,[D7]LPC 18:1,[D9]LPE 16:0,[D7]PG 15:0_18:1,[D7]PC 15:0_18:1,[D9]PE 16:0_16:0,[D7]LPC 18:1
PIP,[D7]PG 15:0_18:1,[D7]PC 15:0_18:1,[D9]PE 16:0_16:0,[D7]LPC 18:1,[D9]LPE 16:0,[D7]PG 15:0_18:1,[D7]PC 15:0_18:1,[D9]PE 16:0_16:0,[D7]LPC 18:1
PK,[D7]PC 15:0_18:1,[D7]PG 15:0_18:1,[D9]DG 16:0_16:0,[D9]PE 16:0_16:0,[D9]PE 16:0_16:0,[D7]PC 15:0_18:1,[D7]PG 15:0_18:1,[D9]DG 16:0_16:0,[D9]PE 16:0_16:0
PnC,[D7]PC 15:0_18:1,[D9]PE 16:0_16:0,[D7]PG 15:0_18:1,[D7]LPC 18:1,[D9]LPE 16:0,[D7]PC 15:0_18:1,[D9]PE 16:0_16:0,[D7]PG 15:0_18:1,[D7]LPC 18:1
PnE,[D9]PE 16:0_16:0,[D7]PC 15:0_18:1,[D7]PG 15:0_18:1,[D7]LPC 18:1,[D9]LPE 16:0,[D9]PE 16:0_16:0,[D7]PC 15:0_18:1,[D7]PG 15:0_18:1,[D7]LPC 18:1
PPA,[D7]PG 15:0_18:1,[D7]PC 15:0_18:1,[D9]PE 16:0_16:0,[D7]LPC 18:1,[D9]LPE 16:0,[D7]PG 15:0_18:1,[D7]PC 15:0_18:1,[D9]PE 16:0_16:0,[D7]LPC 18:1
PR,[D9]DG 16:0_16:0,[D7]PG 15:0_18:1,[D7]PG 15:0_18:1,[D7]PC 15:0_18:1,[D9]PE 16:0_16:0,[D9]DG 16:0_16:0,[D7]PG 15:0_18:1,[D7]PG 15:0_18:1,[D7]PC 15:0_18:1
PS,[D7]PG 15:0_18:1,[D7]PC 15:0_18:1,[D9]PE 16:0_16:0,[D7]LPC 18:1,[D9]LPE 16:0,[D7]PG 15:0_18:1,[D7]PC 15:0_18:1,[D9]PE 16:0_16:0,[D7]LPC 18:1
PS-Nac,[D7]PG 15:0_18:1,[D7]PC 15:0_18:1,[D9]PE 16:0_16:0,[D7]LPC 18:1,[D9]LPE 16:0,[D7]PG 15:0_18:1,[D7]PC 15:0_18:1,[D9]PE 16:0_16:0,[D7]LPC 18:1
SCer,[D9]Cer 18:0;O2/16:0,[D9]SM 18:1;O2/16:0,[D7]PC 15:0_18:1,[D9]PE 16:0_16:0,[D7]PG 15:0_18:1,[D9]Cer 18:0;O2/16:0,[D9]SM 18:1;O2/16:0,[D7]PC 15:0_18:1,[D9]PE 16:0_16:0
SHexCer,[D9]Cer 18:0;O2/16:0,[D9]SM 18:1;O2/16:0,[D7]PC 15:0_18:1,[D9]PE 16:0_16:0,[D7]PG 15:0_18:1,[D9]Cer 18:0;O2/16:0,[D9]SM 18:1;O2/16:0,[D7]PC 15:0_18:1,[D9]PE 16:0_16:0
SL,[D9]DG 16:0_16:0,[D7]PC 15:0_18:1,[D9]PE 16:0_16:0,[D7]PG 15:0_18:1,[D7]LPC 18:1,[D9]DG 16:0_16:0,[D7]PC 15:0_18:1,[D9]PE 16:0_16:0,[D7]PG 15:0_18:1
SLBPA,[D7]PG 15:0_18:1,[D7]PC 15:0_18:1,[D9]PE 16:0_16:0,[D9]LPE 16:0,[D7]LPC 18:1,[D7]PG 15:0_18:1,[D7]PC 15:0_18:1,[D9]PE 16:0_16:0,[D9]LPE 16:0
SM,[D9]SM 18:1;O2/16:0,[D7]PC 15:0_18:1,[D9]PE 16:0_16:0,[D7]PG 15:0_18:1,[D9]Cer 18:0;O2/16:0,[D9]SM 18:1;O2/16:0,[D7]PC 15:0_18:1,[D9]PE 16:0_16:0,[D7]PG 15:0_18:1
SPB,[D9]Cer 18:0;O2/16:0,[D9]SM 18:1;O2/16:0,[D7]PC 15:0_18:1,[D9]PE 16:0_16:0,[D7]PG 15:0_18:1,[D9]Cer 18:0;O2/16:0,[D9]SM 18:1;O2/16:0,[D7]PC 15:0_18:1,[D9]PE 16:0_16:0
SPBP,[D9]SM 18:1;O2/16:0,[D7]PC 15:0_18:1,[D9]PE 16:0_16:0,[D7]PG 15:0_18:1,[D9]Cer 18:0;O2/16:0,[D9]SM 18:1;O2/16:0,[D7]PC 15:0_18:1,[D9]PE 16:0_16:0,[D7]PG 15:0_18:1
SQDG,[D9]DG 16:0_16:0,[D7]PC 15:0_18:1,[D7]PG 15:0_18:1,[D9]PE 16:0_16:0,[D7]LPC 18:1,[D9]DG 16:0_16:0,[D7]PC 15:0_18:1,[D7]PG 15:0_18:1,[D9]PE 16:0_16:0
SQMG,[D7]MG 18:1,[D9]DG 16:0_16:0,[D7]PC 15:0_18:1,[D7]PG 15:0_18:1,[D9]PE 16:0_16:0,[D7]MG 18:1,[D9]DG 16:0_16:0,[D7]PC 15:0_18:1,[D7]PG 15:0_18:1
ST,[D6]ST 27:1;O,[D3]FA 20:0,[D7]MG 18:1,[D9]DG 16:0_16:0,[D7]LPC 18:1,[D6]ST 27:1;O,[D3]FA 20:0,[D7]MG 18:1,[D9]DG 16:0_16:0
SulfateHexSPB,[D9]Cer 18:0;O2/16:0,[D9]SM 18:1;O2/16:0,[D7]PC 15:0_18:1,[D9]PE 16:0_16:0,[D7]PG 15:0_18:1,[D9]Cer 18:0;O2/16:0,[D9]SM 18:1;O2/16:0,[D7]PC 15:0_18:1,[D9]PE 16:0_16:0
TG,[D9]TG 16:0_16:0_16:0,[D9]DG 16:0_16:0,[D7]CE 16:0,[D7]PC 15:0_18:1,[D9]PE 16:0_16:0,[D9]TG 16:0_16:0_16:0,[D9]DG 16:0_16:0,[D7]MG 18:1,[D7]PC 15:0_18:1
WE,[D9]DG 16:0_16:0,[D9]TG 16:0_16:0_16:0,[D7]MG 18:1,[D7]PC 15:0_18:1,[D9]PE 16:0_16:0,[D9]DG 16:0_16:0,[D9]TG 16:0_16:0_16:0,[D7]MG 18:1,[D7]PC 15:0_18:1
